a,b,diff,ci_lo,ci_hi,p,p_fdr
waveform,uninspired,-0.05954620313639833,-0.12072136186529982,-0.0016303536394044183,0.046,0.12428571428571429
waveform,inspired,-0.08089903715998227,-0.14369451624526222,-0.019516926266102016,0.008,0.04
waveform,pathway,-0.07810070302627671,-0.12877233665816332,-0.030919574773263358,0.002,0.015
waveform,yamnet,-0.12379921568751764,-0.2051343839190477,-0.0462790406980716,0.0,0.0
waveform,spectrogram,-0.05100804039286527,-0.10283857085923293,0.0011907307059430999,0.058,0.12428571428571429
uninspired,inspired,-0.021352834023583955,-0.05055489365531714,0.0074838571138076924,0.166,0.249
uninspired,pathway,-0.01855449988987838,-0.05420571211374566,0.020882674184215938,0.358,0.4475
uninspired,yamnet,-0.06425301255111932,-0.11446378907853172,-0.013531049600665167,0.022,0.08249999999999999
uninspired,spectrogram,0.008538162743533046,-0.05757153555925128,0.07475860082899151,0.78,0.8357142857142857
inspired,pathway,0.0027983341337055726,-0.03629804538078612,0.043551028960984214,0.886,0.886
inspired,yamnet,-0.04290017852753536,-0.08672631791878044,0.0006634397110001102,0.054,0.12428571428571429
inspired,spectrogram,0.029890996767117,-0.0406136964309457,0.10147463945467361,0.396,0.4569230769230769
pathway,yamnet,-0.045698512661240934,-0.10668567449512428,0.007541131892063422,0.092,0.15333333333333335
pathway,spectrogram,0.027092662633411427,-0.020065014290283286,0.07676082707476743,0.27,0.36818181818181817
yamnet,spectrogram,0.07279117529465236,-0.01102198946949549,0.15930079917380005,0.084,0.15333333333333335
