model,layer,depth,untrained_mean,untrained_ci,p_untrained_vs_0,trained_mean,trained_ci,p_trained_vs_0,delta,p_trained_vs_untrained,p_untrained_vs_0_fdr,p_trained_vs_0_fdr,p_trained_vs_untrained_fdr
waveform,hidden_layers.0,0,-0.06379023258726627,0.019212570903839387,0.000769476272572721,-0.06824541847934913,0.018995902953801484,0.0005675279495340625,-0.004455185892082866,0.6592553972623035,0.0025651217862173036,0.0021755238065472395,0.7220416255729992
waveform,hidden_layers.1,1,-0.0955641242034905,0.022578731060512974,0.0003000078825546996,-0.030939416701682754,0.018114846924941114,0.009023528723358746,0.06462470750180775,0.000313538913852072,0.0025410156055915593,0.013137441385977278,0.007211395018597656
waveform,hidden_layers.2,2,-0.0827932856321942,0.022671298014428798,0.000532683354519072,-0.030476281071483324,0.019077885986846347,0.011375434556480532,0.05231700456071087,0.0012937805544769598,0.0025410156055915593,0.015390293811708956,0.014878476376485037
waveform,hidden_layers.3,3,-0.07546172261396653,0.02467809252379676,0.0010553508263509235,-0.02876902482046153,0.015301657792858983,0.006427192519611049,0.046692697793504996,0.0032769744892917458,0.0027435117368595865,0.010558959139361009,0.02512347108457005
waveform,hidden_layers.4,4,-0.05202597602584064,0.0436241055858778,0.02962172442186751,-0.03352533278555163,0.024866987488086835,0.020065799327487834,0.018500643240289008,0.34370707811652734,0.052407666284842516,0.024290178133274748,0.3952631398340064
waveform,classifier,5,-0.047757578134554675,0.04893157482632274,0.05354664989560265,-0.04000122417077623,0.05521112468436691,0.11459320202432305,0.0077563539637784465,0.7778890318675303,0.08141750430779082,0.12550684031235382,0.7778890318675303
uninspired,conv_layers.0,0,-0.06179230841215545,0.009290867297125218,5.0610264299405093e-05,-0.050841676255728926,0.006684114077669779,2.9718495917488053e-05,0.010950632156426526,0.031549848479736374,0.0011640360788863172,0.0006835254061022252,0.048376434335595776
uninspired,conv_layers.1,1,-0.04803530598740663,0.02748818606742517,0.008328512888551574,-0.01627719932815468,0.009565001790806112,0.00913908965981028,0.03175810665925195,0.029437109799485515,0.01741416331242602,0.013137441385977278,0.04836096609915477
uninspired,conv_layers.2,2,-0.0068084590436653675,0.026255843076527015,0.5113704241723944,0.012511903957049311,0.013783126843437537,0.06533083605777608,0.01932036300071468,0.12005196263283431,0.5113704241723944,0.07513046146644249,0.15339973003084384
uninspired,fc_layers.0,3,0.05375747969806238,0.018973105859184065,0.0014112299814320684,0.026523661374658326,0.010154617235205688,0.0019194411767040889,-0.027233818323404057,0.012218875194879958,0.003245828957293757,0.004414714706419404,0.03842194468075867
uninspired,fc_layers.1,4,0.051948496627648263,0.01570494811016276,0.0007806892392835272,0.032985653041661456,0.006762024457347738,0.00017202044213447437,-0.018962843585986808,0.02465771893635545,0.0025651217862173036,0.0019782350845464554,0.04836096609915477
uninspired,classifier,5,0.05205774707013551,0.017100627060017897,0.0010735480709450557,0.028612092159329694,0.007683404967260144,0.0004938564583262513,-0.023445654910805816,0.015034674005514264,0.0027435117368595865,0.0021755238065472395,0.03842194468075867
inspired,conv_layers.0,0,-0.018725534895339617,0.033148928458491246,0.1918664958837038,-0.0606790114978462,0.020776046556309595,0.001257464114155823,-0.04195347660250658,0.02158876309412894,0.22123766875665024,0.0036152093281979912,0.04836096609915477
inspired,conv_layers.1,1,-0.03834273072236711,0.040449743617895696,0.058075335338059954,-0.0048574174254427255,0.026000002335549974,0.6313404199712096,0.033485313296924384,0.09551753398928187,0.08141750430779082,0.6313404199712096,0.12922960480902843
inspired,conv_layers.2,2,-0.01573489892265476,0.03868262140215286,0.32188131756293037,0.0447491104791416,0.023620479921591272,0.006254545291726852,0.060484009401796365,0.008405501201983554,0.33651228654306353,0.010558959139361009,0.03842194468075867
inspired,rnn,3,0.08147934512642903,0.022521763141227738,0.0005523946968677303,0.0458526789428324,0.014255338708570384,0.0008693370684710137,-0.035626666183596625,0.008027733239072243,0.0025410156055915593,0.0028563932249761875,0.03842194468075867
inspired,classifier,4,0.07412608804886958,0.020163895493774897,0.0005191765118025687,0.05472861608087672,0.013019776939095961,0.00030816841590844944,-0.01939747196799286,0.06060704327237734,0.0025410156055915593,0.0021755238065472395,0.08712262470404243
pathway,ic,0,-0.036119466663934265,0.0284336663806047,0.024297569379899357,-0.04161813570758174,0.026869204334007385,0.012640819896904744,-0.005498669043647472,0.7065704927659604,0.04657034131147377,0.01615215875715606,0.7386873333462313
pathway,mgb,1,-0.04085472850208501,0.03966213583292412,0.04593275454203248,0.005521434869370429,0.00975063774235823,0.19100596042335236,0.04637616337145544,0.029419788393495676,0.07546095389048194,0.19968804953350472,0.04836096609915477
pathway,a1,2,-0.024361053712971037,0.04251892025000085,0.18687389311192468,0.03563831832049942,0.012963559531607272,0.0015823092704142308,0.05999937203347046,0.014709047469775369,0.22123766875665024,0.0040436792466141454,0.03842194468075867
pathway,belt,3,-0.027662801457465337,0.04904108800788735,0.19238058152752197,0.040928804970121496,0.021346571513021943,0.0059917785399738795,0.06859160642758683,0.013955195990004218,0.22123766875665024,0.010558959139361009,0.03842194468075867
pathway,stg,4,-0.027465369797931433,0.06586595972494844,0.31138893804997586,0.05062562991997408,0.014033881908538362,0.0005585983790946708,0.07809099971790551,0.02852651676161348,0.33651228654306353,0.0021755238065472395,0.04836096609915477
pathway,classifier,5,0.023945559173497905,0.02559081480250166,0.06017815535793234,0.03854823564738684,0.01517296333278375,0.0021300951525534888,0.014602676473888934,0.21826010258581888,0.08141750430779082,0.004453835318975476,0.2642095978670439
