rdm,cmp,model,state,layer,mean,ci
correlation,rho-a,waveform,untrained,hidden_layers.3,-0.07546172261396653,0.02467809252379676
correlation,rho-a,waveform,trained,hidden_layers.3,-0.02876902482046153,0.015301657792858983
correlation,rho-a,uninspired,untrained,fc_layers.1,0.051948496627648263,0.01570494811016276
correlation,rho-a,uninspired,trained,fc_layers.1,0.032985653041661456,0.006762024457347738
correlation,rho-a,inspired,untrained,classifier,0.07412608804886958,0.020163895493774897
correlation,rho-a,inspired,trained,classifier,0.05472861608087672,0.013019776939095961
correlation,rho-a,pathway,untrained,stg,-0.027465369797931433,0.06586595972494844
correlation,rho-a,pathway,trained,stg,0.05062562991997408,0.014033881908538362
correlation,rho-a,yamnet,pretrained,layer12relu,0.09799960036010008,0.0
correlation,tau-a,waveform,untrained,hidden_layers.3,-0.05049806908613559,0.016559372531210176
correlation,tau-a,waveform,trained,hidden_layers.3,-0.01918601133302796,0.01026850826429332
correlation,tau-a,uninspired,untrained,fc_layers.1,0.034769572097616656,0.010426681517828051
correlation,tau-a,uninspired,trained,fc_layers.1,0.021742135266483314,0.004430241643090353
correlation,tau-a,inspired,untrained,classifier,0.049587187598834154,0.013615772715871855
correlation,tau-a,inspired,trained,classifier,0.0361702053912367,0.008675670116624902
correlation,tau-a,pathway,untrained,stg,-0.018460911468760232,0.044032157303033455
correlation,tau-a,pathway,trained,stg,0.03366086375623045,0.009402427489856396
correlation,tau-a,yamnet,pretrained,layer12relu,0.06331314618933827,0.0
correlation,corr,waveform,untrained,hidden_layers.3,-0.07919661797531377,0.023797562935124954
correlation,corr,waveform,trained,hidden_layers.3,-0.03381990914735691,0.018362082566636143
correlation,corr,uninspired,untrained,fc_layers.1,0.025682880181938084,0.013606564653759966
correlation,corr,uninspired,trained,fc_layers.1,0.028339608970218304,0.0043618807374334765
correlation,corr,inspired,untrained,classifier,0.06237550077295876,0.016701201776544654
correlation,corr,inspired,trained,classifier,0.048802456629918806,0.014888701187862792
correlation,corr,pathway,untrained,stg,-0.011480112993374939,0.060709984169558466
correlation,corr,pathway,trained,stg,0.04800263171143447,0.019678336240038296
correlation,corr,yamnet,pretrained,layer08relu,0.07663183656087565,0.0
euclidean,rho-a,waveform,untrained,classifier,-0.00522095374584919,0.028668410715337656
euclidean,rho-a,waveform,trained,classifier,0.011367612700080118,0.017827346320626363
euclidean,rho-a,uninspired,untrained,conv_layers.1,0.09014429875972989,0.025661958079110106
euclidean,rho-a,uninspired,trained,conv_layers.1,0.10786819760687663,0.013112925945380695
euclidean,rho-a,inspired,untrained,conv_layers.2,0.080128888451078,0.04249811433960062
euclidean,rho-a,inspired,trained,conv_layers.2,0.12214993101268498,0.02489838041598116
euclidean,rho-a,pathway,untrained,a1,0.06631676847398658,0.03154517343715998
euclidean,rho-a,pathway,trained,a1,0.1158452164698702,0.024512702025148138
euclidean,rho-a,yamnet,pretrained,layer07relu,0.12184389231899106,0.0
euclidean,tau-a,waveform,untrained,classifier,-0.003494703925119995,0.019149235934797754
euclidean,tau-a,waveform,trained,classifier,0.00757867426784635,0.011833828749457653
euclidean,tau-a,uninspired,untrained,conv_layers.1,0.06008464955211516,0.016914194180627264
euclidean,tau-a,uninspired,trained,conv_layers.1,0.07161831847881303,0.008699913059054083
euclidean,tau-a,inspired,untrained,conv_layers.2,0.05333568308080925,0.028372334387634385
euclidean,tau-a,inspired,trained,conv_layers.2,0.08094232171369482,0.016463239708841133
euclidean,tau-a,pathway,untrained,a1,0.04429012440658993,0.021120510742534005
euclidean,tau-a,pathway,trained,a1,0.0768181715603439,0.016552700230122355
euclidean,tau-a,yamnet,pretrained,layer07relu,0.08122710411933132,0.0
euclidean,corr,waveform,untrained,classifier,-0.0047568417166037906,0.028528111939935877
euclidean,corr,waveform,trained,classifier,0.0160210560206487,0.025850030130857807
euclidean,corr,uninspired,untrained,conv_layers.1,0.07198210280991066,0.0284141924182562
euclidean,corr,uninspired,trained,conv_layers.1,0.09258624163488449,0.013127209892584804
euclidean,corr,inspired,untrained,conv_layers.1,0.052047578725391744,0.027822344703197607
euclidean,corr,inspired,trained,conv_layers.1,0.10279803470935785,0.010432003556687679
euclidean,corr,pathway,untrained,mgb,0.05956718827787755,0.02055063739484002
euclidean,corr,pathway,trained,mgb,0.10467106444391801,0.008509996119813701
euclidean,corr,yamnet,pretrained,layer07relu,0.10435351870849476,0.0
