model,state,instance,layer,silhouette
waveform,untrained,0,hidden_layers.0,-0.02816001956238486
waveform,untrained,0,hidden_layers.1,-0.06474533998531969
waveform,untrained,0,hidden_layers.2,-0.06750050847238877
waveform,untrained,0,hidden_layers.3,-0.06833695237854226
waveform,untrained,0,hidden_layers.4,-0.06616089509207942
waveform,untrained,0,classifier,-0.07419428392352444
waveform,untrained,1,hidden_layers.0,-0.028306182462966296
waveform,untrained,1,hidden_layers.1,-0.06377921796223623
waveform,untrained,1,hidden_layers.2,-0.06393666126182465
waveform,untrained,1,hidden_layers.3,-0.0660030547698461
waveform,untrained,1,hidden_layers.4,-0.06877480026389543
waveform,untrained,1,classifier,-0.06231370440053409
waveform,untrained,2,hidden_layers.0,-0.02720872742573466
waveform,untrained,2,hidden_layers.1,-0.06651947968141672
waveform,untrained,2,hidden_layers.2,-0.0704259609449449
waveform,untrained,2,hidden_layers.3,-0.07075134033967122
waveform,untrained,2,hidden_layers.4,-0.0808016914736448
waveform,untrained,2,classifier,-0.06812190096246433
waveform,untrained,3,hidden_layers.0,-0.0288301854861969
waveform,untrained,3,hidden_layers.1,-0.06589696702332455
waveform,untrained,3,hidden_layers.2,-0.07151824246017473
waveform,untrained,3,hidden_layers.3,-0.0764535012671334
waveform,untrained,3,hidden_layers.4,-0.0740567863672752
waveform,untrained,3,classifier,-0.0959432982738744
waveform,untrained,4,hidden_layers.0,-0.030594032698507086
waveform,untrained,4,hidden_layers.1,-0.06856439067685566
waveform,untrained,4,hidden_layers.2,-0.06982319193237156
waveform,untrained,4,hidden_layers.3,-0.06848811718470951
waveform,untrained,4,hidden_layers.4,-0.05770068828233394
waveform,untrained,4,classifier,-0.060870360230872986
waveform,trained,0,hidden_layers.0,-0.12571528731583256
waveform,trained,0,hidden_layers.1,-0.10281842270754805
waveform,trained,0,hidden_layers.2,-0.09779858759569945
waveform,trained,0,hidden_layers.3,-0.11314527711024372
waveform,trained,0,hidden_layers.4,-0.12906871279442142
waveform,trained,0,classifier,-0.23339086658060385
waveform,trained,1,hidden_layers.0,-0.09935239941689666
waveform,trained,1,hidden_layers.1,-0.07540934345805364
waveform,trained,1,hidden_layers.2,-0.07399355275844446
waveform,trained,1,hidden_layers.3,-0.08368610477839732
waveform,trained,1,hidden_layers.4,-0.10528182431403514
waveform,trained,1,classifier,-0.19273398185186189
waveform,trained,2,hidden_layers.0,-0.11375855466787588
waveform,trained,2,hidden_layers.1,-0.10136338279663264
waveform,trained,2,hidden_layers.2,-0.09395516127204721
waveform,trained,2,hidden_layers.3,-0.09837989150147369
waveform,trained,2,hidden_layers.4,-0.11284809824114708
waveform,trained,2,classifier,-0.18587613928019117
waveform,trained,3,hidden_layers.0,-0.13433612920101567
waveform,trained,3,hidden_layers.1,-0.08844847706288264
waveform,trained,3,hidden_layers.2,-0.0774454134408173
waveform,trained,3,hidden_layers.3,-0.0911476717244884
waveform,trained,3,hidden_layers.4,-0.10730411540840637
waveform,trained,3,classifier,-0.1751893613992512
waveform,trained,4,hidden_layers.0,-0.13072565937528996
waveform,trained,4,hidden_layers.1,-0.09439106303880201
waveform,trained,4,hidden_layers.2,-0.08863059286051189
waveform,trained,4,hidden_layers.3,-0.10510317681514793
waveform,trained,4,hidden_layers.4,-0.11631681343540759
waveform,trained,4,classifier,-0.2058479981362194
uninspired,untrained,0,conv_layers.0,-0.03795905304077632
uninspired,untrained,0,conv_layers.1,-0.06210491029216271
uninspired,untrained,0,conv_layers.2,-0.051797444331005006
uninspired,untrained,0,fc_layers.0,-0.0979721996914143
uninspired,untrained,0,fc_layers.1,-0.09628454970323899
uninspired,untrained,0,classifier,-0.10032274431087414
uninspired,untrained,1,conv_layers.0,-0.027853521121798494
uninspired,untrained,1,conv_layers.1,-0.023832686157804227
uninspired,untrained,1,conv_layers.2,-0.017800131386973155
uninspired,untrained,1,fc_layers.0,-0.09917797598308045
uninspired,untrained,1,fc_layers.1,-0.11280633511646553
uninspired,untrained,1,classifier,-0.12031632097119549
uninspired,untrained,2,conv_layers.0,-0.03349297713104054
uninspired,untrained,2,conv_layers.1,-0.02411479264605513
uninspired,untrained,2,conv_layers.2,-0.01771750471305545
uninspired,untrained,2,fc_layers.0,-0.1366843036729511
uninspired,untrained,2,fc_layers.1,-0.16034698967960506
uninspired,untrained,2,classifier,-0.16756185608887
uninspired,untrained,3,conv_layers.0,-0.04102600073290505
uninspired,untrained,3,conv_layers.1,-0.060118434621599125
uninspired,untrained,3,conv_layers.2,-0.04142531098401885
uninspired,untrained,3,fc_layers.0,-0.11950417068655221
uninspired,untrained,3,fc_layers.1,-0.13558168119071454
uninspired,untrained,3,classifier,-0.14172410394484994
uninspired,untrained,4,conv_layers.0,-0.027037005163076788
uninspired,untrained,4,conv_layers.1,-0.028358179384856137
uninspired,untrained,4,conv_layers.2,-0.02747768483601727
uninspired,untrained,4,fc_layers.0,-0.06518253710646904
uninspired,untrained,4,fc_layers.1,-0.03541831295231655
uninspired,untrained,4,classifier,-0.02897969095456516
uninspired,trained,0,conv_layers.0,-0.023480147599113002
uninspired,trained,0,conv_layers.1,-0.024660009442261425
uninspired,trained,0,conv_layers.2,0.0038114970442300364
uninspired,trained,0,fc_layers.0,0.007142655261562066
uninspired,trained,0,fc_layers.1,-0.003419617322324412
uninspired,trained,0,classifier,-0.036082657761869
uninspired,trained,1,conv_layers.0,-0.031284170353984626
uninspired,trained,1,conv_layers.1,-0.011787897336625929
uninspired,trained,1,conv_layers.2,0.003517918005871439
uninspired,trained,1,fc_layers.0,0.0059456045363692105
uninspired,trained,1,fc_layers.1,-0.017389030178959763
uninspired,trained,1,classifier,-0.05709626128964629
uninspired,trained,2,conv_layers.0,-0.025501608989548695
uninspired,trained,2,conv_layers.1,-0.018676300662914223
uninspired,trained,2,conv_layers.2,0.03267025859261231
uninspired,trained,2,fc_layers.0,0.036291985444723736
uninspired,trained,2,fc_layers.1,0.02697224453495808
uninspired,trained,2,classifier,-0.016268482414447432
uninspired,trained,3,conv_layers.0,-0.02202081663619791
uninspired,trained,3,conv_layers.1,-0.011800634970061433
uninspired,trained,3,conv_layers.2,0.005278227764308292
uninspired,trained,3,fc_layers.0,0.019860849866183687
uninspired,trained,3,fc_layers.1,0.00809736032717159
uninspired,trained,3,classifier,-0.022324218854745535
uninspired,trained,4,conv_layers.0,-0.0336322745210054
uninspired,trained,4,conv_layers.1,-0.017544237465451543
uninspired,trained,4,conv_layers.2,0.016178511871560892
uninspired,trained,4,fc_layers.0,-0.004967774653508962
uninspired,trained,4,fc_layers.1,-0.010894129419983809
uninspired,trained,4,classifier,-0.04837348515429848
inspired,untrained,0,conv_layers.0,-0.01903879735369216
inspired,untrained,0,conv_layers.1,0.0014250734246523654
inspired,untrained,0,conv_layers.2,0.0025966739594369395
inspired,untrained,0,rnn,-0.025412584648705105
inspired,untrained,0,classifier,-0.052277338837520775
inspired,untrained,1,conv_layers.0,-0.026858786882979054
inspired,untrained,1,conv_layers.1,-0.020789303799322416
inspired,untrained,1,conv_layers.2,-3.085661467092876e-05
inspired,untrained,1,rnn,-0.013831698616857529
inspired,untrained,1,classifier,-0.038151400120966884
inspired,untrained,2,conv_layers.0,-0.020294271551634303
inspired,untrained,2,conv_layers.1,-0.04139086242304051
inspired,untrained,2,conv_layers.2,-0.021217819826272674
inspired,untrained,2,rnn,-0.09334475116877067
inspired,untrained,2,classifier,-0.13494379067290752
inspired,untrained,3,conv_layers.0,-0.022483117837827808
inspired,untrained,3,conv_layers.1,-0.021443780466261705
inspired,untrained,3,conv_layers.2,-0.01925102158170698
inspired,untrained,3,rnn,0.005828825958477335
inspired,untrained,3,classifier,0.0042407816854067954
inspired,untrained,4,conv_layers.0,-0.02004719851541022
inspired,untrained,4,conv_layers.1,-0.030944936209898428
inspired,untrained,4,conv_layers.2,-0.005148887234611222
inspired,untrained,4,rnn,0.04656823135217835
inspired,untrained,4,classifier,0.028929018988660373
inspired,trained,0,conv_layers.0,-0.03178693273339334
inspired,trained,0,conv_layers.1,-0.018954146881268456
inspired,trained,0,conv_layers.2,0.031105080790806143
inspired,trained,0,rnn,0.028707034076886326
inspired,trained,0,classifier,0.01214906778307791
inspired,trained,1,conv_layers.0,-0.034709786282530075
inspired,trained,1,conv_layers.1,0.005587888309938899
inspired,trained,1,conv_layers.2,0.051141707290113796
inspired,trained,1,rnn,0.038498612872222976
inspired,trained,1,classifier,0.038304365566941646
inspired,trained,2,conv_layers.0,-0.01311499484520844
inspired,trained,2,conv_layers.1,-0.014228727538393897
inspired,trained,2,conv_layers.2,0.022292121746779612
inspired,trained,2,rnn,0.02355062923041019
inspired,trained,2,classifier,0.024848015960869024
inspired,trained,3,conv_layers.0,-0.04254629865859785
inspired,trained,3,conv_layers.1,0.01713632010682308
inspired,trained,3,conv_layers.2,0.009868361258333215
inspired,trained,3,rnn,0.012264530217588838
inspired,trained,3,classifier,-0.0010041177967790766
inspired,trained,4,conv_layers.0,-0.02793931515684969
inspired,trained,4,conv_layers.1,0.004335583071947324
inspired,trained,4,conv_layers.2,0.016175542743049016
inspired,trained,4,rnn,0.02054827796163771
inspired,trained,4,classifier,0.01709184559747842
pathway,untrained,0,ic,-0.01974524303712864
pathway,untrained,0,mgb,-0.007526726200880956
pathway,untrained,0,a1,0.0016563725534578268
pathway,untrained,0,belt,-0.0032421314532126186
pathway,untrained,0,stg,-0.009009723391985682
pathway,untrained,0,classifier,-0.08989893724899096
pathway,untrained,1,ic,-0.029159875013840195
pathway,untrained,1,mgb,-0.036501458815536826
pathway,untrained,1,a1,-0.040593466444905774
pathway,untrained,1,belt,-0.024826821900935693
pathway,untrained,1,stg,-0.023221559450640587
pathway,untrained,1,classifier,-0.0016685543133564962
pathway,untrained,2,ic,-0.01821575560457038
pathway,untrained,2,mgb,-0.012797756869544668
pathway,untrained,2,a1,-0.009627127662207715
pathway,untrained,2,belt,-0.010479598231061947
pathway,untrained,2,stg,-0.010615088573900503
pathway,untrained,2,classifier,-0.07142347458551583
pathway,untrained,3,ic,-0.021936479543663567
pathway,untrained,3,mgb,-0.02566671895730818
pathway,untrained,3,a1,-0.005519012718755379
pathway,untrained,3,belt,-0.02752452918316758
pathway,untrained,3,stg,-0.02257523151221627
pathway,untrained,3,classifier,-0.055357552228111735
pathway,untrained,4,ic,-0.011917332131416183
pathway,untrained,4,mgb,-0.022350820425331912
pathway,untrained,4,a1,0.004628196048291063
pathway,untrained,4,belt,-0.006927770352799862
pathway,untrained,4,stg,-0.014070818775169124
pathway,untrained,4,classifier,-0.04356165146556184
pathway,trained,0,ic,-0.040627343347717906
pathway,trained,0,mgb,0.010004366024992644
pathway,trained,0,a1,0.00963610031269272
pathway,trained,0,belt,0.023259735898087705
pathway,trained,0,stg,0.030952935453139128
pathway,trained,0,classifier,0.021102607137213222
pathway,trained,1,ic,-0.013479980316777366
pathway,trained,1,mgb,0.0017968993516294647
pathway,trained,1,a1,0.01361273563639697
pathway,trained,1,belt,0.014615481027415786
pathway,trained,1,stg,0.027704651399899295
pathway,trained,1,classifier,0.021133295989269725
pathway,trained,2,ic,-0.030776457467171385
pathway,trained,2,mgb,0.008829249654473199
pathway,trained,2,a1,0.009140295329646917
pathway,trained,2,belt,0.0036484286955093597
pathway,trained,2,stg,0.011752986341452356
pathway,trained,2,classifier,-0.021371322648796758
pathway,trained,3,ic,-0.00988851676779077
pathway,trained,3,mgb,0.007378088813301336
pathway,trained,3,a1,0.009839734628449294
pathway,trained,3,belt,0.020136071679753658
pathway,trained,3,stg,0.017874238083887974
pathway,trained,3,classifier,0.0013601662166000488
pathway,trained,4,ic,-0.03251918643595622
pathway,trained,4,mgb,0.012076982602039332
pathway,trained,4,a1,0.011372917605048926
pathway,trained,4,belt,0.017179377165201792
pathway,trained,4,stg,0.024126657511010605
pathway,trained,4,classifier,0.02170689346121852
yamnet,pretrained,0,layer01relu,-0.046673506265275874
yamnet,pretrained,0,layer02relu,-0.05434638661275247
yamnet,pretrained,0,layer03relu,-0.04329905707580647
yamnet,pretrained,0,layer04relu,-0.013428163788917844
yamnet,pretrained,0,layer05relu,0.025043071703699706
yamnet,pretrained,0,layer06relu,0.04725192379606427
yamnet,pretrained,0,layer07relu,0.07469142249902039
yamnet,pretrained,0,layer08relu,0.09704357888775755
yamnet,pretrained,0,layer09relu,0.11191834674596118
yamnet,pretrained,0,layer10relu,0.12981855178626617
yamnet,pretrained,0,layer11relu,0.14154204449878088
yamnet,pretrained,0,layer12relu,0.07133852230221864
yamnet,pretrained,0,layer13relu,0.04361517768676631
yamnet,pretrained,0,layer14relu,-0.02772582439875013
yamnet,pretrained,0,embedding,-0.015226021355305827
spectrogram,input,0,input,-0.043081125885179095
waveform input,input,0,input,-0.002170497173359802
